"Keyword","Category","Intent","Target Page","Coverage","Notes"
"Phillip Himes","Brand","Navigational","index.html","Covered",""
"Phil Himes","Brand","Navigational","index.html","Covered",""
"Phillip Himes realtor","Brand","Navigational","index.html","Covered",""
"Phil Himes realtor","Brand","Navigational","index.html","Covered",""
"Phillip Himes eXp Realty","Brand","Navigational","index.html","Covered",""
"Phillip Himes League City","Brand","Navigational","index.html","Covered",""
"Phillip Himes real estate","Brand","Navigational","index.html","Covered",""
"League City realtor","City · Agent","Transactional","league-city.html","Partial",""
"realtor in League City TX","City · Agent","Transactional","league-city.html","Partial",""
"League City real estate agent","City · Agent","Transactional","league-city.html","Partial",""
"best realtor in League City","City · Agent","Transactional","league-city.html","Partial",""
"top real estate agent League City TX","City · Agent","Transactional","league-city.html","Partial",""
"real estate agent near me League City","City · Agent","Transactional","league-city.html","Partial",""
"homes for sale in League City TX","City · Homes for sale","Transactional","league-city.html","Covered",""
"League City TX homes for sale","City · Homes for sale","Transactional","league-city.html","Covered",""
"houses for sale in League City","City · Homes for sale","Transactional","league-city.html","Covered",""
"League City homes for sale","City · Homes for sale","Transactional","league-city.html","Covered",""
"new listings in League City TX","City · Homes for sale","Transactional","league-city.html","Covered",""
"League City homes for sale under 400k","City · Homes for sale","Transactional","league-city.html","Covered",""
"sell my house in League City","City · Seller","Transactional","sellers.html","Covered",""
"League City home values","City · Seller","Transactional","sellers.html","Covered",""
"what is my home worth in League City","City · Seller","Transactional","sellers.html","Covered",""
"League City listing agent","City · Seller","Transactional","sellers.html","Covered",""
"sell my home fast League City TX","City · Seller","Transactional","sellers.html","Covered",""
"League City housing market","City · Market","Informational","league-city-market-update-june-2026.html","Covered",""
"League City real estate market 2026","City · Market","Informational","league-city-market-update-june-2026.html","Covered",""
"League City home prices","City · Market","Informational","league-city-market-update-june-2026.html","Covered",""
"League City market update","City · Market","Informational","league-city-market-update-june-2026.html","Covered",""
"Friendswood realtor","City · Agent","Transactional","friendswood.html","Partial",""
"realtor in Friendswood TX","City · Agent","Transactional","friendswood.html","Partial",""
"Friendswood real estate agent","City · Agent","Transactional","friendswood.html","Partial",""
"best realtor in Friendswood","City · Agent","Transactional","friendswood.html","Partial",""
"top real estate agent Friendswood TX","City · Agent","Transactional","friendswood.html","Partial",""
"real estate agent near me Friendswood","City · Agent","Transactional","friendswood.html","Partial",""
"homes for sale in Friendswood TX","City · Homes for sale","Transactional","friendswood.html","Covered",""
"Friendswood TX homes for sale","City · Homes for sale","Transactional","friendswood.html","Covered",""
"houses for sale in Friendswood","City · Homes for sale","Transactional","friendswood.html","Covered",""
"Friendswood homes for sale","City · Homes for sale","Transactional","friendswood.html","Covered",""
"new listings in Friendswood TX","City · Homes for sale","Transactional","friendswood.html","Covered",""
"Friendswood homes for sale under 400k","City · Homes for sale","Transactional","friendswood.html","Covered",""
"sell my house in Friendswood","City · Seller","Transactional","sellers.html","Covered",""
"Friendswood home values","City · Seller","Transactional","sellers.html","Covered",""
"what is my home worth in Friendswood","City · Seller","Transactional","sellers.html","Covered",""
"Friendswood listing agent","City · Seller","Transactional","sellers.html","Covered",""
"sell my home fast Friendswood TX","City · Seller","Transactional","sellers.html","Covered",""
"Friendswood housing market","City · Market","Informational","friendswood-market-update-june-2026.html","Covered",""
"Friendswood real estate market 2026","City · Market","Informational","friendswood-market-update-june-2026.html","Covered",""
"Friendswood home prices","City · Market","Informational","friendswood-market-update-june-2026.html","Covered",""
"Friendswood market update","City · Market","Informational","friendswood-market-update-june-2026.html","Covered",""
"Pearland realtor","City · Agent","Transactional","pearland.html","Partial",""
"realtor in Pearland TX","City · Agent","Transactional","pearland.html","Partial",""
"Pearland real estate agent","City · Agent","Transactional","pearland.html","Partial",""
"best realtor in Pearland","City · Agent","Transactional","pearland.html","Partial",""
"top real estate agent Pearland TX","City · Agent","Transactional","pearland.html","Partial",""
"real estate agent near me Pearland","City · Agent","Transactional","pearland.html","Partial",""
"homes for sale in Pearland TX","City · Homes for sale","Transactional","pearland.html","Covered",""
"Pearland TX homes for sale","City · Homes for sale","Transactional","pearland.html","Covered",""
"houses for sale in Pearland","City · Homes for sale","Transactional","pearland.html","Covered",""
"Pearland homes for sale","City · Homes for sale","Transactional","pearland.html","Covered",""
"new listings in Pearland TX","City · Homes for sale","Transactional","pearland.html","Covered",""
"Pearland homes for sale under 400k","City · Homes for sale","Transactional","pearland.html","Covered",""
"sell my house in Pearland","City · Seller","Transactional","sellers.html","Covered",""
"Pearland home values","City · Seller","Transactional","sellers.html","Covered",""
"what is my home worth in Pearland","City · Seller","Transactional","sellers.html","Covered",""
"Pearland listing agent","City · Seller","Transactional","sellers.html","Covered",""
"sell my home fast Pearland TX","City · Seller","Transactional","sellers.html","Covered",""
"Pearland housing market","City · Market","Informational","pearland-market-update-june-2026.html","Covered",""
"Pearland real estate market 2026","City · Market","Informational","pearland-market-update-june-2026.html","Covered",""
"Pearland home prices","City · Market","Informational","pearland-market-update-june-2026.html","Covered",""
"Pearland market update","City · Market","Informational","pearland-market-update-june-2026.html","Covered",""
"Clear Lake realtor","City · Agent","Transactional","clear-lake.html","Partial",""
"realtor in Clear Lake TX","City · Agent","Transactional","clear-lake.html","Partial",""
"Clear Lake real estate agent","City · Agent","Transactional","clear-lake.html","Partial",""
"best realtor in Clear Lake","City · Agent","Transactional","clear-lake.html","Partial",""
"top real estate agent Clear Lake TX","City · Agent","Transactional","clear-lake.html","Partial",""
"real estate agent near me Clear Lake","City · Agent","Transactional","clear-lake.html","Partial",""
"homes for sale in Clear Lake TX","City · Homes for sale","Transactional","clear-lake.html","Covered",""
"Clear Lake TX homes for sale","City · Homes for sale","Transactional","clear-lake.html","Covered",""
"houses for sale in Clear Lake","City · Homes for sale","Transactional","clear-lake.html","Covered",""
"Clear Lake homes for sale","City · Homes for sale","Transactional","clear-lake.html","Covered",""
"new listings in Clear Lake TX","City · Homes for sale","Transactional","clear-lake.html","Covered",""
"Clear Lake homes for sale under 400k","City · Homes for sale","Transactional","clear-lake.html","Covered",""
"sell my house in Clear Lake","City · Seller","Transactional","sellers.html","Covered",""
"Clear Lake home values","City · Seller","Transactional","sellers.html","Covered",""
"what is my home worth in Clear Lake","City · Seller","Transactional","sellers.html","Covered",""
"Clear Lake listing agent","City · Seller","Transactional","sellers.html","Covered",""
"sell my home fast Clear Lake TX","City · Seller","Transactional","sellers.html","Covered",""
"Clear Lake housing market","City · Market","Informational","clear-lake-market-update-june-2026.html","Covered",""
"Clear Lake real estate market 2026","City · Market","Informational","clear-lake-market-update-june-2026.html","Covered",""
"Clear Lake home prices","City · Market","Informational","clear-lake-market-update-june-2026.html","Covered",""
"Clear Lake market update","City · Market","Informational","clear-lake-market-update-june-2026.html","Covered",""
"Dickinson realtor","City · Agent","Transactional","dickinson.html","Partial",""
"realtor in Dickinson TX","City · Agent","Transactional","dickinson.html","Partial",""
"Dickinson real estate agent","City · Agent","Transactional","dickinson.html","Partial",""
"best realtor in Dickinson","City · Agent","Transactional","dickinson.html","Partial",""
"top real estate agent Dickinson TX","City · Agent","Transactional","dickinson.html","Partial",""
"real estate agent near me Dickinson","City · Agent","Transactional","dickinson.html","Partial",""
"homes for sale in Dickinson TX","City · Homes for sale","Transactional","dickinson.html","Covered",""
"Dickinson TX homes for sale","City · Homes for sale","Transactional","dickinson.html","Covered",""
"houses for sale in Dickinson","City · Homes for sale","Transactional","dickinson.html","Covered",""
"Dickinson homes for sale","City · Homes for sale","Transactional","dickinson.html","Covered",""
"new listings in Dickinson TX","City · Homes for sale","Transactional","dickinson.html","Covered",""
"Dickinson homes for sale under 400k","City · Homes for sale","Transactional","dickinson.html","Covered",""
"sell my house in Dickinson","City · Seller","Transactional","sellers.html","Covered",""
"Dickinson home values","City · Seller","Transactional","sellers.html","Covered",""
"what is my home worth in Dickinson","City · Seller","Transactional","sellers.html","Covered",""
"Dickinson listing agent","City · Seller","Transactional","sellers.html","Covered",""
"sell my home fast Dickinson TX","City · Seller","Transactional","sellers.html","Covered",""
"Dickinson housing market","City · Market","Informational","dickinson-market-update-june-2026.html","Covered",""
"Dickinson real estate market 2026","City · Market","Informational","dickinson-market-update-june-2026.html","Covered",""
"Dickinson home prices","City · Market","Informational","dickinson-market-update-june-2026.html","Covered",""
"Dickinson market update","City · Market","Informational","dickinson-market-update-june-2026.html","Covered",""
"Manvel realtor","City · Agent","Transactional","manvel.html","Partial",""
"realtor in Manvel TX","City · Agent","Transactional","manvel.html","Partial",""
"Manvel real estate agent","City · Agent","Transactional","manvel.html","Partial",""
"best realtor in Manvel","City · Agent","Transactional","manvel.html","Partial",""
"top real estate agent Manvel TX","City · Agent","Transactional","manvel.html","Partial",""
"real estate agent near me Manvel","City · Agent","Transactional","manvel.html","Partial",""
"homes for sale in Manvel TX","City · Homes for sale","Transactional","manvel.html","Covered",""
"Manvel TX homes for sale","City · Homes for sale","Transactional","manvel.html","Covered",""
"houses for sale in Manvel","City · Homes for sale","Transactional","manvel.html","Covered",""
"Manvel homes for sale","City · Homes for sale","Transactional","manvel.html","Covered",""
"new listings in Manvel TX","City · Homes for sale","Transactional","manvel.html","Covered",""
"Manvel homes for sale under 400k","City · Homes for sale","Transactional","manvel.html","Covered",""
"sell my house in Manvel","City · Seller","Transactional","sellers.html","Covered",""
"Manvel home values","City · Seller","Transactional","sellers.html","Covered",""
"what is my home worth in Manvel","City · Seller","Transactional","sellers.html","Covered",""
"Manvel listing agent","City · Seller","Transactional","sellers.html","Covered",""
"sell my home fast Manvel TX","City · Seller","Transactional","sellers.html","Covered",""
"Manvel housing market","City · Market","Informational","manvel-market-update-june-2026.html","Covered",""
"Manvel real estate market 2026","City · Market","Informational","manvel-market-update-june-2026.html","Covered",""
"Manvel home prices","City · Market","Informational","manvel-market-update-june-2026.html","Covered",""
"Manvel market update","City · Market","Informational","manvel-market-update-june-2026.html","Covered",""
"Tuscan Lakes homes for sale","Neighborhood","Transactional","tuscan-lakes.html","Covered",""
"Tuscan Lakes League City","Neighborhood","Transactional","tuscan-lakes.html","Covered",""
"homes for sale in Tuscan Lakes","Neighborhood","Transactional","tuscan-lakes.html","Covered",""
"Tuscan Lakes real estate","Neighborhood","Transactional","tuscan-lakes.html","Covered",""
"Tuscan Lakes League City TX homes","Neighborhood","Transactional","tuscan-lakes.html","Covered",""
"Westover Park homes for sale","Neighborhood","Transactional","westover-park.html","Covered",""
"Westover Park League City","Neighborhood","Transactional","westover-park.html","Covered",""
"homes for sale in Westover Park","Neighborhood","Transactional","westover-park.html","Covered",""
"Westover Park real estate","Neighborhood","Transactional","westover-park.html","Covered",""
"Westover Park League City TX homes","Neighborhood","Transactional","westover-park.html","Covered",""
"South Shore Harbour homes for sale","Neighborhood","Transactional","south-shore-harbour.html","Covered",""
"South Shore Harbour League City","Neighborhood","Transactional","south-shore-harbour.html","Covered",""
"homes for sale in South Shore Harbour","Neighborhood","Transactional","south-shore-harbour.html","Covered",""
"South Shore Harbour real estate","Neighborhood","Transactional","south-shore-harbour.html","Covered",""
"South Shore Harbour League City TX homes","Neighborhood","Transactional","south-shore-harbour.html","Covered",""
"Mar Bella homes for sale","Neighborhood","Transactional","mar-bella.html","Covered",""
"Mar Bella League City","Neighborhood","Transactional","mar-bella.html","Covered",""
"homes for sale in Mar Bella","Neighborhood","Transactional","mar-bella.html","Covered",""
"Mar Bella real estate","Neighborhood","Transactional","mar-bella.html","Covered",""
"Mar Bella League City TX homes","Neighborhood","Transactional","mar-bella.html","Covered",""
"Brittany Lakes homes for sale","Neighborhood","Transactional","brittany-lakes.html","Covered",""
"Brittany Lakes League City","Neighborhood","Transactional","brittany-lakes.html","Covered",""
"homes for sale in Brittany Lakes","Neighborhood","Transactional","brittany-lakes.html","Covered",""
"Brittany Lakes real estate","Neighborhood","Transactional","brittany-lakes.html","Covered",""
"Brittany Lakes League City TX homes","Neighborhood","Transactional","brittany-lakes.html","Covered",""
"Magnolia Creek homes for sale","Neighborhood","Transactional","magnolia-creek.html","Covered",""
"Magnolia Creek League City","Neighborhood","Transactional","magnolia-creek.html","Covered",""
"homes for sale in Magnolia Creek","Neighborhood","Transactional","magnolia-creek.html","Covered",""
"Magnolia Creek real estate","Neighborhood","Transactional","magnolia-creek.html","Covered",""
"Magnolia Creek League City TX homes","Neighborhood","Transactional","magnolia-creek.html","Covered",""
"Avalon homes for sale","Neighborhood","Transactional","avalon.html","Covered",""
"Avalon Friendswood","Neighborhood","Transactional","avalon.html","Covered",""
"homes for sale in Avalon","Neighborhood","Transactional","avalon.html","Covered",""
"Avalon real estate","Neighborhood","Transactional","avalon.html","Covered",""
"Avalon Friendswood TX homes","Neighborhood","Transactional","avalon.html","Covered",""
"Friendswood Lakes homes for sale","Neighborhood","Transactional","friendswood-lakes.html","Covered",""
"Friendswood Lakes Friendswood","Neighborhood","Transactional","friendswood-lakes.html","Covered",""
"homes for sale in Friendswood Lakes","Neighborhood","Transactional","friendswood-lakes.html","Covered",""
"Friendswood Lakes real estate","Neighborhood","Transactional","friendswood-lakes.html","Covered",""
"Friendswood Lakes Friendswood TX homes","Neighborhood","Transactional","friendswood-lakes.html","Covered",""
"Falcon Ridge homes for sale","Neighborhood","Transactional","falcon-ridge.html","Covered",""
"Falcon Ridge Friendswood","Neighborhood","Transactional","falcon-ridge.html","Covered",""
"homes for sale in Falcon Ridge","Neighborhood","Transactional","falcon-ridge.html","Covered",""
"Falcon Ridge real estate","Neighborhood","Transactional","falcon-ridge.html","Covered",""
"Falcon Ridge Friendswood TX homes","Neighborhood","Transactional","falcon-ridge.html","Covered",""
"West Ranch homes for sale","Neighborhood","Transactional","west-ranch.html","Covered",""
"West Ranch Friendswood","Neighborhood","Transactional","west-ranch.html","Covered",""
"homes for sale in West Ranch","Neighborhood","Transactional","west-ranch.html","Covered",""
"West Ranch real estate","Neighborhood","Transactional","west-ranch.html","Covered",""
"West Ranch Friendswood TX homes","Neighborhood","Transactional","west-ranch.html","Covered",""
"Heritage Park homes for sale","Neighborhood","Transactional","heritage-park.html","Covered",""
"Heritage Park Friendswood","Neighborhood","Transactional","heritage-park.html","Covered",""
"homes for sale in Heritage Park","Neighborhood","Transactional","heritage-park.html","Covered",""
"Heritage Park real estate","Neighborhood","Transactional","heritage-park.html","Covered",""
"Heritage Park Friendswood TX homes","Neighborhood","Transactional","heritage-park.html","Covered",""
"Wilderness Trails homes for sale","Neighborhood","Transactional","wilderness-trails.html","Covered",""
"Wilderness Trails Friendswood","Neighborhood","Transactional","wilderness-trails.html","Covered",""
"homes for sale in Wilderness Trails","Neighborhood","Transactional","wilderness-trails.html","Covered",""
"Wilderness Trails real estate","Neighborhood","Transactional","wilderness-trails.html","Covered",""
"Wilderness Trails Friendswood TX homes","Neighborhood","Transactional","wilderness-trails.html","Covered",""
"Shadow Creek Ranch homes for sale","Neighborhood","Transactional","shadow-creek-ranch.html","Covered",""
"Shadow Creek Ranch Pearland","Neighborhood","Transactional","shadow-creek-ranch.html","Covered",""
"homes for sale in Shadow Creek Ranch","Neighborhood","Transactional","shadow-creek-ranch.html","Covered",""
"Shadow Creek Ranch real estate","Neighborhood","Transactional","shadow-creek-ranch.html","Covered",""
"Shadow Creek Ranch Pearland TX homes","Neighborhood","Transactional","shadow-creek-ranch.html","Covered",""
"Silverlake homes for sale","Neighborhood","Transactional","silverlake.html","Covered",""
"Silverlake Pearland","Neighborhood","Transactional","silverlake.html","Covered",""
"homes for sale in Silverlake","Neighborhood","Transactional","silverlake.html","Covered",""
"Silverlake real estate","Neighborhood","Transactional","silverlake.html","Covered",""
"Silverlake Pearland TX homes","Neighborhood","Transactional","silverlake.html","Covered",""
"Riverstone Ranch homes for sale","Neighborhood","Transactional","riverstone-ranch.html","Covered",""
"Riverstone Ranch Pearland","Neighborhood","Transactional","riverstone-ranch.html","Covered",""
"homes for sale in Riverstone Ranch","Neighborhood","Transactional","riverstone-ranch.html","Covered",""
"Riverstone Ranch real estate","Neighborhood","Transactional","riverstone-ranch.html","Covered",""
"Riverstone Ranch Pearland TX homes","Neighborhood","Transactional","riverstone-ranch.html","Covered",""
"Southern Trails homes for sale","Neighborhood","Transactional","southern-trails.html","Covered",""
"Southern Trails Pearland","Neighborhood","Transactional","southern-trails.html","Covered",""
"homes for sale in Southern Trails","Neighborhood","Transactional","southern-trails.html","Covered",""
"Southern Trails real estate","Neighborhood","Transactional","southern-trails.html","Covered",""
"Southern Trails Pearland TX homes","Neighborhood","Transactional","southern-trails.html","Covered",""
"Southgate homes for sale","Neighborhood","Transactional","southgate.html","Covered",""
"Southgate Pearland","Neighborhood","Transactional","southgate.html","Covered",""
"homes for sale in Southgate","Neighborhood","Transactional","southgate.html","Covered",""
"Southgate real estate","Neighborhood","Transactional","southgate.html","Covered",""
"Southgate Pearland TX homes","Neighborhood","Transactional","southgate.html","Covered",""
"Country Place homes for sale","Neighborhood","Transactional","country-place.html","Covered",""
"Country Place Pearland","Neighborhood","Transactional","country-place.html","Covered",""
"homes for sale in Country Place","Neighborhood","Transactional","country-place.html","Covered",""
"Country Place real estate","Neighborhood","Transactional","country-place.html","Covered",""
"Country Place Pearland TX homes","Neighborhood","Transactional","country-place.html","Covered",""
"Bay Oaks homes for sale","Neighborhood","Transactional","bay-oaks.html","Covered",""
"Bay Oaks Clear Lake","Neighborhood","Transactional","bay-oaks.html","Covered",""
"homes for sale in Bay Oaks","Neighborhood","Transactional","bay-oaks.html","Covered",""
"Bay Oaks real estate","Neighborhood","Transactional","bay-oaks.html","Covered",""
"Bay Oaks Clear Lake TX homes","Neighborhood","Transactional","bay-oaks.html","Covered",""
"Bay Forest homes for sale","Neighborhood","Transactional","bay-forest.html","Covered",""
"Bay Forest Clear Lake","Neighborhood","Transactional","bay-forest.html","Covered",""
"homes for sale in Bay Forest","Neighborhood","Transactional","bay-forest.html","Covered",""
"Bay Forest real estate","Neighborhood","Transactional","bay-forest.html","Covered",""
"Bay Forest Clear Lake TX homes","Neighborhood","Transactional","bay-forest.html","Covered",""
"Bay Knoll homes for sale","Neighborhood","Transactional","bay-knoll.html","Covered",""
"Bay Knoll Clear Lake","Neighborhood","Transactional","bay-knoll.html","Covered",""
"homes for sale in Bay Knoll","Neighborhood","Transactional","bay-knoll.html","Covered",""
"Bay Knoll real estate","Neighborhood","Transactional","bay-knoll.html","Covered",""
"Bay Knoll Clear Lake TX homes","Neighborhood","Transactional","bay-knoll.html","Covered",""
"Brookwood homes for sale","Neighborhood","Transactional","brookwood.html","Covered",""
"Brookwood Clear Lake","Neighborhood","Transactional","brookwood.html","Covered",""
"homes for sale in Brookwood","Neighborhood","Transactional","brookwood.html","Covered",""
"Brookwood real estate","Neighborhood","Transactional","brookwood.html","Covered",""
"Brookwood Clear Lake TX homes","Neighborhood","Transactional","brookwood.html","Covered",""
"Taylor Lake homes for sale","Neighborhood","Transactional","taylor-lake.html","Covered",""
"Taylor Lake Clear Lake","Neighborhood","Transactional","taylor-lake.html","Covered",""
"homes for sale in Taylor Lake","Neighborhood","Transactional","taylor-lake.html","Covered",""
"Taylor Lake real estate","Neighborhood","Transactional","taylor-lake.html","Covered",""
"Taylor Lake Clear Lake TX homes","Neighborhood","Transactional","taylor-lake.html","Covered",""
"The Reserve at Clear Lake homes for sale","Neighborhood","Transactional","the-reserve-at-clear-lake.html","Covered",""
"The Reserve at Clear Lake Clear Lake","Neighborhood","Transactional","the-reserve-at-clear-lake.html","Covered",""
"homes for sale in The Reserve at Clear Lake","Neighborhood","Transactional","the-reserve-at-clear-lake.html","Covered",""
"The Reserve at Clear Lake real estate","Neighborhood","Transactional","the-reserve-at-clear-lake.html","Covered",""
"The Reserve at Clear Lake Clear Lake TX homes","Neighborhood","Transactional","the-reserve-at-clear-lake.html","Covered",""
"Nicholstone homes for sale","Neighborhood","Transactional","nicholstone.html","Covered",""
"Nicholstone Dickinson","Neighborhood","Transactional","nicholstone.html","Covered",""
"homes for sale in Nicholstone","Neighborhood","Transactional","nicholstone.html","Covered",""
"Nicholstone real estate","Neighborhood","Transactional","nicholstone.html","Covered",""
"Nicholstone Dickinson TX homes","Neighborhood","Transactional","nicholstone.html","Covered",""
"Bay Colony homes for sale","Neighborhood","Transactional","bay-colony.html","Covered",""
"Bay Colony Dickinson","Neighborhood","Transactional","bay-colony.html","Covered",""
"homes for sale in Bay Colony","Neighborhood","Transactional","bay-colony.html","Covered",""
"Bay Colony real estate","Neighborhood","Transactional","bay-colony.html","Covered",""
"Bay Colony Dickinson TX homes","Neighborhood","Transactional","bay-colony.html","Covered",""
"Pedregal homes for sale","Neighborhood","Transactional","pedregal.html","Covered",""
"Pedregal Dickinson","Neighborhood","Transactional","pedregal.html","Covered",""
"homes for sale in Pedregal","Neighborhood","Transactional","pedregal.html","Covered",""
"Pedregal real estate","Neighborhood","Transactional","pedregal.html","Covered",""
"Pedregal Dickinson TX homes","Neighborhood","Transactional","pedregal.html","Covered",""
"Peacock Isle homes for sale","Neighborhood","Transactional","peacock-isle.html","Covered",""
"Peacock Isle Dickinson","Neighborhood","Transactional","peacock-isle.html","Covered",""
"homes for sale in Peacock Isle","Neighborhood","Transactional","peacock-isle.html","Covered",""
"Peacock Isle real estate","Neighborhood","Transactional","peacock-isle.html","Covered",""
"Peacock Isle Dickinson TX homes","Neighborhood","Transactional","peacock-isle.html","Covered",""
"Bayou Maison homes for sale","Neighborhood","Transactional","bayou-maison.html","Covered",""
"Bayou Maison Dickinson","Neighborhood","Transactional","bayou-maison.html","Covered",""
"homes for sale in Bayou Maison","Neighborhood","Transactional","bayou-maison.html","Covered",""
"Bayou Maison real estate","Neighborhood","Transactional","bayou-maison.html","Covered",""
"Bayou Maison Dickinson TX homes","Neighborhood","Transactional","bayou-maison.html","Covered",""
"Bayou Bend Estate homes for sale","Neighborhood","Transactional","bayou-bend-estate.html","Covered",""
"Bayou Bend Estate Dickinson","Neighborhood","Transactional","bayou-bend-estate.html","Covered",""
"homes for sale in Bayou Bend Estate","Neighborhood","Transactional","bayou-bend-estate.html","Covered",""
"Bayou Bend Estate real estate","Neighborhood","Transactional","bayou-bend-estate.html","Covered",""
"Bayou Bend Estate Dickinson TX homes","Neighborhood","Transactional","bayou-bend-estate.html","Covered",""
"Pomona homes for sale","Neighborhood","Transactional","pomona.html","Covered",""
"Pomona Manvel","Neighborhood","Transactional","pomona.html","Covered",""
"homes for sale in Pomona","Neighborhood","Transactional","pomona.html","Covered",""
"Pomona real estate","Neighborhood","Transactional","pomona.html","Covered",""
"Pomona Manvel TX homes","Neighborhood","Transactional","pomona.html","Covered",""
"Rodeo Palms homes for sale","Neighborhood","Transactional","rodeo-palms.html","Covered",""
"Rodeo Palms Manvel","Neighborhood","Transactional","rodeo-palms.html","Covered",""
"homes for sale in Rodeo Palms","Neighborhood","Transactional","rodeo-palms.html","Covered",""
"Rodeo Palms real estate","Neighborhood","Transactional","rodeo-palms.html","Covered",""
"Rodeo Palms Manvel TX homes","Neighborhood","Transactional","rodeo-palms.html","Covered",""
"Del Bello Lakes homes for sale","Neighborhood","Transactional","del-bello-lakes.html","Covered",""
"Del Bello Lakes Manvel","Neighborhood","Transactional","del-bello-lakes.html","Covered",""
"homes for sale in Del Bello Lakes","Neighborhood","Transactional","del-bello-lakes.html","Covered",""
"Del Bello Lakes real estate","Neighborhood","Transactional","del-bello-lakes.html","Covered",""
"Del Bello Lakes Manvel TX homes","Neighborhood","Transactional","del-bello-lakes.html","Covered",""
"Meridiana homes for sale","Neighborhood","Transactional","meridiana.html","Covered",""
"Meridiana Manvel","Neighborhood","Transactional","meridiana.html","Covered",""
"homes for sale in Meridiana","Neighborhood","Transactional","meridiana.html","Covered",""
"Meridiana real estate","Neighborhood","Transactional","meridiana.html","Covered",""
"Meridiana Manvel TX homes","Neighborhood","Transactional","meridiana.html","Covered",""
"Sedona Lakes homes for sale","Neighborhood","Transactional","sedona-lakes.html","Covered",""
"Sedona Lakes Manvel","Neighborhood","Transactional","sedona-lakes.html","Covered",""
"homes for sale in Sedona Lakes","Neighborhood","Transactional","sedona-lakes.html","Covered",""
"Sedona Lakes real estate","Neighborhood","Transactional","sedona-lakes.html","Covered",""
"Sedona Lakes Manvel TX homes","Neighborhood","Transactional","sedona-lakes.html","Covered",""
"Valencia homes for sale","Neighborhood","Transactional","valencia.html","Covered",""
"Valencia Manvel","Neighborhood","Transactional","valencia.html","Covered",""
"homes for sale in Valencia","Neighborhood","Transactional","valencia.html","Covered",""
"Valencia real estate","Neighborhood","Transactional","valencia.html","Covered",""
"Valencia Manvel TX homes","Neighborhood","Transactional","valencia.html","Covered",""
"Clear Creek ISD homes for sale","School District","Transactional","ccisd-homes.html","Covered",""
"homes in Clear Creek ISD","School District","Transactional","ccisd-homes.html","Covered",""
"Clear Creek ISD real estate","School District","Transactional","ccisd-homes.html","Covered",""
"CCISD homes for sale","School District","Transactional","ccisd-homes.html","Covered",""
"Alvin ISD homes for sale","School District","Transactional","alvin-isd-homes.html","Covered",""
"homes in Alvin ISD","School District","Transactional","alvin-isd-homes.html","Covered",""
"Alvin ISD real estate","School District","Transactional","alvin-isd-homes.html","Covered",""
"Alvin ISD homes for sale","School District","Transactional","alvin-isd-homes.html","Covered",""
"Friendswood ISD homes for sale","School District","Transactional","friendswood-isd-homes.html","Covered",""
"homes in Friendswood ISD","School District","Transactional","friendswood-isd-homes.html","Covered",""
"Friendswood ISD real estate","School District","Transactional","friendswood-isd-homes.html","Covered",""
"Friendswood ISD homes for sale","School District","Transactional","friendswood-isd-homes.html","Covered",""
"Pearland ISD homes for sale","School District","Transactional","pearland-isd-homes.html","Covered",""
"homes in Pearland ISD","School District","Transactional","pearland-isd-homes.html","Covered",""
"Pearland ISD real estate","School District","Transactional","pearland-isd-homes.html","Covered",""
"Pearland ISD homes for sale","School District","Transactional","pearland-isd-homes.html","Covered",""
"Dickinson ISD homes for sale","School District","Transactional","dickinson-isd-homes.html","Covered",""
"homes in Dickinson ISD","School District","Transactional","dickinson-isd-homes.html","Covered",""
"Dickinson ISD real estate","School District","Transactional","dickinson-isd-homes.html","Covered",""
"Dickinson ISD homes for sale","School District","Transactional","dickinson-isd-homes.html","Covered",""
"homes zoned to Clear Lake High School","High School","Transactional","ccisd-homes.html","Covered",""
"Clear Lake High School homes for sale","High School","Transactional","ccisd-homes.html","Covered",""
"homes zoned to Clear Brook High School","High School","Transactional","ccisd-homes.html","Covered",""
"Clear Brook High School homes for sale","High School","Transactional","ccisd-homes.html","Covered",""
"homes zoned to Shadow Creek High School","High School","Transactional","alvin-isd-homes.html","Covered",""
"Shadow Creek High School homes for sale","High School","Transactional","alvin-isd-homes.html","Covered",""
"homes zoned to Manvel High School","High School","Transactional","alvin-isd-homes.html","Covered",""
"Manvel High School homes for sale","High School","Transactional","alvin-isd-homes.html","Covered",""
"homes zoned to Friendswood High School","High School","Transactional","friendswood-isd-homes.html","Covered",""
"Friendswood High School homes for sale","High School","Transactional","friendswood-isd-homes.html","Covered",""
"homes zoned to Dickinson High School","High School","Transactional","dickinson-isd-homes.html","Covered",""
"Dickinson High School homes for sale","High School","Transactional","dickinson-isd-homes.html","Covered",""
"VA loan realtor League City","Niche / Segment","Transactional","veterans.html","Covered",""
"VA home loans Houston Bay Area","Niche / Segment","Transactional","veterans.html","Covered",""
"military relocation realtor Clear Lake","Niche / Segment","Transactional","veterans.html","Covered",""
"veteran realtor near NASA","Niche / Segment","Transactional","veterans.html","Covered",""
"first time home buyer League City","Niche / Segment","Transactional","first-home.html","Covered",""
"first time buyer programs Texas","Niche / Segment","Transactional","first-home.html","Covered",""
"first time home buyer Houston Bay Area","Niche / Segment","Transactional","first-home.html","Covered",""
"new construction homes League City","Niche / Segment","Transactional","new-construction.html","Covered",""
"new build homes Manvel","Niche / Segment","Transactional","new-construction.html","Covered",""
"new construction Pearland","Niche / Segment","Transactional","new-construction.html","Covered",""
"builder homes Houston Bay Area","Niche / Segment","Transactional","new-construction.html","Covered",""
"relocating to League City","Niche / Segment","Transactional","relocating-to-league-city.html","Covered",""
"moving to League City TX","Niche / Segment","Transactional","relocating-to-league-city.html","Covered",""
"relocation realtor Houston Bay Area","Niche / Segment","Transactional","relocating-to-league-city.html","Covered",""
"downsizing realtor League City","Niche / Segment","Transactional","relifeiq.html","Covered",""
"55+ communities Pearland","Niche / Segment","Transactional","relifeiq.html","Covered",""
"downsizing home Houston Bay Area","Niche / Segment","Transactional","relifeiq.html","Covered",""
"move up home League City","Niche / Segment","Transactional","growing-family.html","Covered",""
"bigger home good schools Friendswood","Niche / Segment","Transactional","growing-family.html","Covered",""
"waterfront homes League City","Niche / Segment","Transactional","waterfront-homes-league-city.html","Covered",""
"Clear Lake waterfront homes","Niche / Segment","Transactional","waterfront-homes-league-city.html","Covered",""
"homes with boat dock League City","Niche / Segment","Transactional","waterfront-homes-league-city.html","Covered",""
"canal homes Clear Lake","Niche / Segment","Transactional","waterfront-homes-league-city.html","Covered",""
"homes near NASA","Niche / Segment","Transactional","homes-near-nasa.html","Covered",""
"homes near Johnson Space Center","Niche / Segment","Transactional","homes-near-nasa.html","Covered",""
"Clear Lake homes near NASA","Niche / Segment","Transactional","homes-near-nasa.html","Covered",""
"golf course homes Clear Lake","Niche / Segment","Transactional","homes-near-nasa.html","Covered",""
"South Shore Harbour golf homes","Niche / Segment","Transactional","south-shore-harbour.html","Covered",""
"master planned communities League City","Niche / Segment","Transactional","master-planned-communities.html","Covered",""
"master planned communities Manvel","Niche / Segment","Transactional","master-planned-communities.html","Covered",""
"gated communities Clear Lake","Niche / Segment","Transactional","master-planned-communities.html","Covered",""
"League City vs Friendswood","Comparison (AEO)","Commercial","compare-league-city-vs-friendswood.html","Covered",""
"CCISD vs Alvin ISD","Comparison (AEO)","Commercial","compare-ccisd-vs-alvin-isd.html","Covered",""
"Meridiana vs Pomona","Comparison (AEO)","Commercial","compare-meridiana-vs-pomona.html","Covered",""
"League City master planned communities compared","Comparison (AEO)","Commercial","compare-league-city-master-planned.html","Covered",""
"League City vs Pearland","Comparison (AEO)","Commercial","(needs article)","Gap",""
"Clear Lake vs Friendswood","Comparison (AEO)","Commercial","(needs article)","Gap",""
"Pearland vs Manvel","Comparison (AEO)","Commercial","(needs article)","Gap",""
"best Bay Area suburb for families","Comparison (AEO)","Commercial","(needs article)","Gap",""
"is League City a good place to live","Question (AEO)","Informational","(needs content)","Gap",""
"cost of living in League City TX","Question (AEO)","Informational","(needs content)","Gap",""
"best neighborhoods in League City","Question (AEO)","Informational","league-city.html","Partial",""
"moving to League City TX","Question (AEO)","Informational","relocating-to-league-city.html","Covered",""
"pros and cons of living in League City","Question (AEO)","Informational","(needs content)","Gap",""
"is Friendswood a good place to live","Question (AEO)","Informational","(needs content)","Gap",""
"cost of living in Friendswood TX","Question (AEO)","Informational","(needs content)","Gap",""
"best neighborhoods in Friendswood","Question (AEO)","Informational","friendswood.html","Partial",""
"moving to Friendswood TX","Question (AEO)","Informational","(needs content)","Gap",""
"pros and cons of living in Friendswood","Question (AEO)","Informational","(needs content)","Gap",""
"is Pearland a good place to live","Question (AEO)","Informational","(needs content)","Gap",""
"cost of living in Pearland TX","Question (AEO)","Informational","(needs content)","Gap",""
"best neighborhoods in Pearland","Question (AEO)","Informational","pearland.html","Partial",""
"moving to Pearland TX","Question (AEO)","Informational","(needs content)","Gap",""
"pros and cons of living in Pearland","Question (AEO)","Informational","(needs content)","Gap",""
"is Clear Lake a good place to live","Question (AEO)","Informational","(needs content)","Gap",""
"cost of living in Clear Lake TX","Question (AEO)","Informational","(needs content)","Gap",""
"best neighborhoods in Clear Lake","Question (AEO)","Informational","clear-lake.html","Partial",""
"moving to Clear Lake TX","Question (AEO)","Informational","(needs content)","Gap",""
"pros and cons of living in Clear Lake","Question (AEO)","Informational","(needs content)","Gap",""
"is Dickinson a good place to live","Question (AEO)","Informational","(needs content)","Gap",""
"cost of living in Dickinson TX","Question (AEO)","Informational","(needs content)","Gap",""
"best neighborhoods in Dickinson","Question (AEO)","Informational","dickinson.html","Partial",""
"moving to Dickinson TX","Question (AEO)","Informational","(needs content)","Gap",""
"pros and cons of living in Dickinson","Question (AEO)","Informational","(needs content)","Gap",""
"is Manvel a good place to live","Question (AEO)","Informational","(needs content)","Gap",""
"cost of living in Manvel TX","Question (AEO)","Informational","(needs content)","Gap",""
"best neighborhoods in Manvel","Question (AEO)","Informational","manvel.html","Partial",""
"moving to Manvel TX","Question (AEO)","Informational","(needs content)","Gap",""
"pros and cons of living in Manvel","Question (AEO)","Informational","(needs content)","Gap",""